title,body
Skip $2,000 newspaper feesâ€”Create a dignified online tribute today,"Honor your loved one with a permanent, elegant memorial online. Fast setup. Professional look. Service available today. Learn more: {{TARGET_URL}}"
Philadelphia families: modern obituary service,"A simple link that friends and family can share. Private, dignified, quick. Details: {{TARGET_URL}}"
Affordable memorial alternative,"Keep the memory alive online without newspaper costs. See options: {{TARGET_URL}}"
Create a respectful online tribute in minutes,"Premium designs and real visibility options. Start here: {{TARGET_URL}}"
Online memorial service for grieving families,"We handle the digital presence so you can focus on the service. Info: {{TARGET_URL}}"
Permanent memorial page + visibility options,"Modern alternative to print. Start now: {{TARGET_URL}}"
Dignified memorial pages with optional syndication,"The presence your loved one deserves. Learn more: {{TARGET_URL}}"
Honor a life beautifully online,"Trusted modern approach to obituaries. Visit: {{TARGET_URL}}"
Philadelphia obituary alternative,"Fast, respectful, easy to share. Start here: {{TARGET_URL}}"
Create once, share everywhere,"One page. One link. Loved ones can visit forever. Details: {{TARGET_URL}}"
